feature1,feature2,label
1.035377699442132,0.8665912471238126,0
-1.6216805839072608,0.8063169984542409,1
-1.276643113696961,-0.4933129534492855,0
0.9376789371337448,-0.6701154371078338,1
-1.0341512015109156,0.9620793493173534,1
-1.081436537895804,-1.1703787145618794,1
0.5962492544147505,2.2528560589489066,0
-0.2447402037359524,0.7675274306050095,1
1.0376261232962087,-1.3549107864471117,0
-2.132539863980339,-0.0774901813581997,0
