feature1,feature2,label
-0.7982754176730532,0.720571837958733,1
-0.35887232516814116,0.9733013883295778,1
0.6259722096411487,1.842847919547954,0
0.16044783178562697,-0.018751857881634828,1
0.1796382271543148,0.7428928747919027,0
0.06863633175891933,-1.7690516192236636,1
-1.9376725806718127,2.3590939908623336,1
0.48009199166764444,-0.06230782567321257,1
0.0820194432544907,0.3684963804834316,1
-1.6511235111303975,-0.10190621798927217,0
