feature1,feature2,label
0.8158048071178743,-0.13026505276753586,0
1.1209888741910117,-0.07399487916753486,0
-0.3327008461101669,0.7383059746854779,1
0.6983955815398128,-0.5823933193867324,0
1.6781260462065204,-0.4102321663369418,1
-0.8856962502755278,2.105626531194856,0
0.7650443352755231,0.1371299600607013,0
-0.24732764560798756,0.5860646755996177,1
-0.141293941504174,0.3236758657027821,1
-1.1339524305337216,-1.188459787190205,0
