feature1,feature2,label
-0.10099206464813548,-0.5243874257358336,1
-0.5026865206408353,-0.40943136982861206,1
1.8464422991179685,-0.49315062195976644,0
0.09449419909881418,-1.4575092050425993,1
-1.1040834122336807,2.0615591928476813,0
1.8206899812437327,0.3231455244102268,1
0.7697438840722182,0.9137962574568516,1
-0.006364790502503798,-0.6839571472874951,0
-1.1407576764421676,1.3563036839265503,1
0.9217099992778001,-3.035644272285426,1
