feature1,feature2,label
-0.33637701894849664,-0.22266602940107022,1
-0.9911653012767688,1.3597352013292328,0
0.7014570169206523,0.4351236830121161,1
-0.5846790086475178,-1.8236848855288397,0
-0.8689315317326447,0.20243223402321187,0
1.2641705138313764,-0.03681855111755668,0
-0.8815939389636557,-1.146940876164096,0
1.9653257737831802,-3.1802288729581236,1
-0.020896849297006713,-1.1657719376732059,0
-0.39453814353592637,-2.355768649788865,0
