feature1,feature2,label
0.9742790722921431,0.35291147328743455,1
-0.15541922643896244,1.703328567598352,1
0.17499545951699455,0.5076159720646337,0
-0.10723282170006648,-0.7665984454171946,1
0.7690247291899691,-0.5300415479306008,0
2.0665319488787266,-0.12901546254833002,0
0.1517257891370173,-0.44964225301264527,1
0.6850298920404451,-0.6979466722700262,0
-1.56884260494333,-1.1530821184824165,1
0.2597462565977599,-0.4311633986807248,1
