feature1,feature2,label
-2.447862996491223,1.3763960071520829,0
-1.102926198206416,-1.368359444611829,0
-1.8080836028566432,-0.08565815415880934,1
0.6065016194244136,-1.0380659382263473,0
-0.1843104380553052,-0.7821548901766732,1
1.4137901236932233,-1.1038962884576502,0
-0.7403799652058306,0.052545460898277725,0
-0.15442385357430494,-0.09853913699487726,1
1.3816790973700332,0.8304553548186573,1
0.5601743366669997,-1.7374438108813701,0
