feature1,feature2,label
0.7869987060037431,0.6607853235482521,0
-0.5028405540326475,1.8585728135867172,1
1.9766031563246271,1.493478835207682,0
-1.85944040815106,0.5650641720128818,1
0.07076679924465527,0.8468659538896904,1
0.34590851108079934,-2.861933418885756,0
0.1080078328246637,-0.9780893798595566,0
0.03692405132384265,0.8099619750410659,1
-0.23465710272211135,0.4957393112796574,1
0.28899189156535093,0.6575855219230654,0
