feature1,feature2,label
-1.2839838302922333,0.7041678747706648,0
0.6583202703891782,-0.631518361217702,0
-0.5583173885963469,-0.6753134071363494,0
0.09390052948415195,0.8239287622190552,1
0.8628201196824181,-0.9966677218697607,0
-0.4087742375692987,-0.3692926876577736,0
1.1536878243618534,-0.44628444103558407,1
0.2166080741176474,-0.24707084650940947,1
0.0988330561504723,-1.1616031157624849,0
0.14572116864028825,0.6608530057349791,1
