feature1,feature2,label
-0.9201663391125215,1.6422143824881055,1
-1.6427922596537858,0.3004385311531815,0
0.6492773828582575,-0.839672378859677,1
-0.8497341950138435,3.255996620990326,1
-0.06653471437184007,0.9822619037191379,0
0.8980741146274825,0.3362488675489494,1
-0.01615015509421292,-0.9998905986818556,0
-1.5133347860080506,-1.388252532225823,0
-0.29590063583059123,-0.16887102260825518,0
0.16865584035879888,0.1404895066032603,1
