feature1,feature2,label
-0.295075683053221,0.3984165568932102,1
-0.030964546879535586,-0.9396718371385324,1
1.7649596289156586,0.9340254856064947,1
-0.9700901564461537,-0.8143126435733675,0
0.3268507885130295,0.49490405204697124,1
-0.9818488106336778,-0.5715263141854164,1
0.2593672281601632,-0.8870153096872581,1
0.4552616434624484,1.159721509809871,0
-1.04203132664831,1.781618492581333,1
0.859064805582856,0.9367447764072622,1
