feature1,feature2,label
1.1555964643912113,1.3859935024424106,0
-0.42630542001814453,1.041849787264537,0
0.20155965357080846,-0.023971434470001305,0
0.9114477421591193,2.13030918450722,0
-1.0022973885251223,-0.4764109853888831,0
-1.378296771448257,0.27108980706094454,0
-0.04867482918263644,-0.918400177228131,1
0.987063945360108,0.6008153067499533,0
-0.18378915269878274,1.0965470042849395,1
-0.41818321571215866,-0.1587348276178281,1
