feature1,feature2,label
2.2747319682240486,-1.002308813018081,1
-0.01862564286472996,0.5328748259694602,1
-1.7569644888407088,0.12194438402837054,1
1.1827271278083662,-0.21382656330185823,1
-1.008807838427038,-0.18282029093224667,1
-0.7529159050677774,-1.0921318323593554,0
-0.6918254553663926,-1.3228810616393352,1
0.5545575424923709,0.7495903497792322,1
-1.7671068091782038,-0.7039530304424625,0
-0.7187500687273979,-0.14918056105305008,1
