feature1,feature2,label
-0.6973744870901084,-0.5512017138974561,1
1.3549280975853888,0.373366880201136,1
1.958172841573839,0.23565421831697206,1
-0.03319497422260946,-0.28811437539162116,1
0.3790941410430986,-0.9914316617972176,0
0.539306299181113,-0.1504431581703596,1
1.4851047154192787,-0.4851640548519599,0
0.5984080979899519,0.15727571562303236,0
0.353359004334116,1.0479244391949314,0
-0.2662477116397809,0.8717257651075494,0
