feature1,feature2,label
-1.212319362944984,-0.28986936294974036,0
1.5494766146471841,-0.23229055116629704,0
-1.1530361261002833,-0.4285133439631942,1
1.1177856907993975,-0.3027690825379914,0
-1.8583104689280792,0.7159312392118576,1
0.6620765891551966,-0.38049893349602926,1
-0.35412319285538923,1.5263262746950694,1
1.9296217806389535,-2.287362125677971,1
-0.8966863201802896,0.3060103104683153,0
0.30253281486888395,-0.387200543012804,0
