feature1,feature2,label
0.46538733550824957,1.2911695614701988,1
0.23338325303739563,-1.588363092546227,1
0.4932608672395967,1.8784371424621644,0
-0.3895769853116616,-1.4079047065663743,1
-0.09918155730588178,-0.22007558672912877,0
-0.9437969099295812,-1.567537709491731,1
0.7243148470053017,0.10790467810548397,0
-0.43181691142050166,0.8463440876821835,0
-1.477961059077727,1.6077323039018832,1
-0.3309928974066999,-1.3652900092005125,1
