feature1,feature2,label
0.02649656756111097,-2.620647483506949,0
1.1241733956871232,0.3295993034196757,1
-0.3229086210893372,0.37460992433939716,1
-0.2942578146167818,-0.1845813161273117,1
0.6910297652261619,1.3269276363425233,1
1.5193768309011702,0.8730850299151542,0
-1.1969163016319757,-2.0018443200672404,0
0.5663590199695807,-1.182089640352931,1
-0.509522627589703,0.689537796385525,0
1.9104473766559074,-0.5946059268530288,1
