feature1,feature2,label
0.5536297416666637,-0.4230023907944913,1
-0.6487042804470389,-0.4745007607126247,1
0.5292973509640643,1.566405622944016,1
0.18160713147743449,0.033940255624095944,1
-0.9245986872539199,-0.35018958750145096,0
2.44925755383104,-0.03982134042563937,1
-0.28951152120581736,-1.2392959341576208,0
0.17821646851390754,0.03715829453163955,0
-0.17726198787618144,-1.17613384800063,0
0.0415262102808982,-0.8556810974763517,0
