feature1,feature2,label
-0.12731043160385164,0.021755160776071654,0
-1.5191454669030418,0.23881901205221606,0
-0.546502062835612,1.4072371631736624,1
1.7679039056308108,-1.7926146249578059,0
-0.41472717171910073,-0.24056799261897646,0
0.3175573034367545,0.1522249369654634,0
-0.4113677764019703,-0.138953655771666,0
-1.6668523322040225,-0.4946062491073065,1
0.4712148677062009,1.0443649047737165,1
-0.7081307607232066,-1.3556262757812747,0
