feature1,feature2,label
1.2245350740458136,2.10729564530358,0
1.84166751154709,-0.9558955093568805,1
0.17188787162150163,0.7722409005238775,1
-0.8677104271583975,-0.6198455846556139,1
-1.4473131452195294,0.7451479799835581,0
0.7442253668810115,0.529969915724235,0
1.364312654167187,1.2590784827863486,1
-0.24582544635782258,-0.1726719191898823,0
0.03189195373781419,-0.6930818837913663,0
-0.23577343032233306,-0.523297459180481,1
