feature1,feature2,label
-1.4023537127551686,0.8470745720095381,1
1.0681657526296127,-0.24075085724794323,1
0.06156266854737439,1.8152120260012374,1
-0.13343779257089364,0.6289470011541034,0
-0.6291398554534562,-0.48608368566972254,0
-2.3739400975100975,-0.6201372103209151,0
1.2370954185557683,2.490841312490591,1
-0.6406482187613982,-0.9682228485851517,0
-0.1054160957226334,-0.5643750877933678,0
-0.1377669178438468,-1.1996860108009395,0
