feature1,feature2,label
1.5984877332289777,-0.06323374579649992,1
0.21335807344818086,0.7224405845143888,0
-0.4159739455894209,-0.3097393266255105,1
-0.9629427927815946,0.8992027078646398,1
0.7756751751916376,-1.5646984288142967,1
-1.4964520276028577,1.2556273109730431,0
1.0365924799236181,-0.20021164433761635,1
0.9356048491312888,1.144427001413438,0
0.5144167890816242,0.2869593977554788,1
0.07004130057978228,-0.618479381180568,1
