feature1,feature2,label
-1.3004520899665057,-1.7281547136839917,0
-0.5786572974375532,-0.1116588586000129,0
1.1970341537757285,-0.8998572263100538,1
0.770953979688829,-0.5295897061281979,0
1.3420126738383455,1.2764799306854953,1
-1.5187759724176675,0.056073362788939284,1
-0.3744518657754523,-0.6032224592331011,0
1.1223127227431937,-1.8253684800965166,1
-1.836373009006302,0.37557170105468896,1
0.029441383577689363,0.0871035383790965,1
