feature1,feature2,label
1.563756460953985,-0.1785645539568134,0
1.4893158967233018,0.5368450789447623,0
-0.7843707407044682,-2.2475211810884588,1
-0.4447008753648298,0.17601970763248617,1
-1.3989612295426694,-1.5183285454505306,1
0.5102368898111569,-1.6302815731991789,0
-1.2974708838210924,-0.08994835603276405,0
0.4325319342852715,-0.6429423860833081,0
-2.5546279337625557,0.9019168409105824,0
-0.02365718759598335,-0.47649285994261176,0
