feature1,feature2,label
0.557092546618544,1.3711102662753225,1
-0.21772567437096177,-2.3357167451439924,0
0.2749345840298605,-0.42921558469127186,1
1.102498611845093,-0.8224069508128943,1
-2.7239243717277066,-0.09575474530645835,1
0.5786837646702184,0.7677714366404738,1
-1.183578823302974,-0.6232890808237925,0
-0.7342848996825302,-0.23662135956703317,1
1.2577030513376781,-0.5401083239745854,0
-0.28318530295385935,0.9266773489442003,1
