feature1,feature2,label
1.0047641159572156,-1.04971676075891,0
0.8098719946316909,-2.036167443597009,1
-0.48341421816127766,-0.6277433339374721,0
3.7003964289471782,-0.9725879129444177,1
-1.201341049524639,-0.5270936427204272,0
-0.22998648114900622,-0.7349120459296822,1
0.30101648813926307,-0.09168600881489042,0
-0.7587458888615493,2.3014782076164533,1
-0.01575791210292284,-0.010374497385478168,1
1.5471716368119175,2.118376370483075,1
