feature1,feature2,label
-0.06693035650426583,0.5572655306897376,1
-2.5956809645516863,-0.64538298530604,1
1.48276285783345,0.23483370134893944,1
-2.2147748739337496,0.44746266397298223,0
1.131626007526095,-0.1581771195888309,0
-1.0456328774825474,1.6533502198060093,1
0.14585350682990098,-2.048103044664709,0
-0.11702121257302857,0.6010757247323185,0
-0.055759461013452055,1.2611079646201007,0
-0.707878072811605,2.0256635967561136,0
