feature1,feature2,label
0.4858504447984163,-0.060197273264438654,0
-0.2867669412614251,0.4942039898209558,0
0.7675215778200957,-1.6300903327878822,1
-1.248533441622741,-1.6384739837589244,1
1.7481496530535283,-1.0926946929418682,1
0.7873774236343387,1.294702813088072,1
1.0447090515153803,0.826960414973507,0
1.067566502526664,-0.7406349231881558,0
2.0116747982508887,-0.9438129114773803,1
-0.0200862047197221,0.6472698618014168,1
