feature1,feature2,label
1.0565191323004843,1.10432082834985,0
-1.5256108410641673,-0.6865807631999415,0
-0.16777102563758423,1.3328288104545976,1
-0.9115636772560726,0.17360702015862559,0
0.13702096796992172,0.5943416636812412,0
-0.3545588501079775,0.019188740622919323,1
1.1177131466574046,0.5665176729618873,1
-1.710505844923024,1.3176391532581546,0
0.914936115761442,-0.34061994589374983,1
0.3969282325550082,-1.9967496057655325,1
