feature1,feature2,label
-1.6374841156922229,1.1912321952136606,0
-0.311529179506553,-0.12447371339558902,0
-1.735353943514565,0.4235735597232867,0
-0.3965732182113202,-0.36488209113103615,0
-0.13790704925493374,-0.053858149344988386,0
1.1067958500727806,-0.4635616721389902,1
-0.15818467665131108,-0.716880705535487,1
-0.41708256030939056,-0.01387293081317505,1
0.5346685247886942,0.6967653184122196,0
-0.9441755418476974,-1.5315379617056364,1
